[
  {
    "model": "admin.logentry",
    "pk": 1,
    "fields": {
      "action_time": "2024-03-31T11:58:24.075Z",
      "user": 1,
      "content_type": 10,
      "object_id": "1",
      "object_repr": "knlh - ,n,n",
      "action_flag": 1,
      "change_message": "[{\"added\": {}}]"
    }
  },
  {
    "model": "admin.logentry",
    "pk": 2,
    "fields": {
      "action_time": "2024-03-31T11:59:06.296Z",
      "user": 1,
      "content_type": 6,
      "object_id": "1",
      "object_repr": "skovorodnikov11@gmail.com c lhl j;",
      "action_flag": 1,
      "change_message": "[{\"added\": {}}]"
    }
  },
  {
    "model": "admin.logentry",
    "pk": 3,
    "fields": {
      "action_time": "2024-03-31T20:35:13.907Z",
      "user": 1,
      "content_type": 11,
      "object_id": "4",
      "object_repr": "skovorodnikov11@gmail.com",
      "action_flag": 3,
      "change_message": ""
    }
  },
  {
    "model": "admin.logentry",
    "pk": 4,
    "fields": {
      "action_time": "2024-03-31T20:35:13.915Z",
      "user": 1,
      "content_type": 11,
      "object_id": "3",
      "object_repr": "anjeie25@mail.ru",
      "action_flag": 3,
      "change_message": ""
    }
  },
  {
    "model": "admin.logentry",
    "pk": 5,
    "fields": {
      "action_time": "2024-03-31T20:35:13.916Z",
      "user": 1,
      "content_type": 11,
      "object_id": "2",
      "object_repr": "anjeie24@mail.ru",
      "action_flag": 3,
      "change_message": ""
    }
  },
  {
    "model": "admin.logentry",
    "pk": 6,
    "fields": {
      "action_time": "2024-04-02T04:04:37.180Z",
      "user": 1,
      "content_type": 10,
      "object_id": "2",
      "object_repr": "khksd - sods",
      "action_flag": 2,
      "change_message": "[{\"changed\": {\"fields\": [\"\\u0418\\u0437\\u043e\\u0431\\u0440\\u0430\\u0436\\u0435\\u043d\\u0438\\u0435\"]}}]"
    }
  },
  {
    "model": "admin.logentry",
    "pk": 7,
    "fields": {
      "action_time": "2024-04-02T19:00:48.979Z",
      "user": 1,
      "content_type": 8,
      "object_id": "1",
      "object_repr": "jljl",
      "action_flag": 3,
      "change_message": ""
    }
  },
  {
    "model": "admin.logentry",
    "pk": 8,
    "fields": {
      "action_time": "2024-04-02T19:00:48.989Z",
      "user": 1,
      "content_type": 8,
      "object_id": "4",
      "object_repr": "Заголовок рассылки",
      "action_flag": 3,
      "change_message": ""
    }
  },
  {
    "model": "admin.logentry",
    "pk": 9,
    "fields": {
      "action_time": "2024-04-02T19:00:48.990Z",
      "user": 1,
      "content_type": 8,
      "object_id": "2",
      "object_repr": "sfs",
      "action_flag": 3,
      "change_message": ""
    }
  },
  {
    "model": "admin.logentry",
    "pk": 10,
    "fields": {
      "action_time": "2024-04-02T19:00:48.992Z",
      "user": 1,
      "content_type": 8,
      "object_id": "3",
      "object_repr": "new",
      "action_flag": 3,
      "change_message": ""
    }
  },
  {
    "model": "admin.logentry",
    "pk": 11,
    "fields": {
      "action_time": "2024-04-02T19:47:27.719Z",
      "user": 1,
      "content_type": 8,
      "object_id": "5",
      "object_repr": "тест-рассылка",
      "action_flag": 2,
      "change_message": "[{\"changed\": {\"fields\": [\"\\u041a\\u043b\\u0438\\u0435\\u043d\\u0442\\u044b\"]}}]"
    }
  },
  {
    "model": "admin.logentry",
    "pk": 12,
    "fields": {
      "action_time": "2024-04-02T20:25:41.657Z",
      "user": 1,
      "content_type": 11,
      "object_id": "7",
      "object_repr": "moder@moder.ru",
      "action_flag": 1,
      "change_message": "[{\"added\": {}}]"
    }
  },
  {
    "model": "admin.logentry",
    "pk": 13,
    "fields": {
      "action_time": "2024-04-02T20:29:00.663Z",
      "user": 1,
      "content_type": 3,
      "object_id": "1",
      "object_repr": "moderator",
      "action_flag": 1,
      "change_message": "[{\"added\": {}}]"
    }
  },
  {
    "model": "admin.logentry",
    "pk": 14,
    "fields": {
      "action_time": "2024-04-02T20:29:07.642Z",
      "user": 1,
      "content_type": 11,
      "object_id": "7",
      "object_repr": "moder@moder.ru",
      "action_flag": 2,
      "change_message": "[{\"changed\": {\"fields\": [\"Groups\", \"User permissions\", \"Staff status\"]}}]"
    }
  },
  {
    "model": "admin.logentry",
    "pk": 15,
    "fields": {
      "action_time": "2024-04-02T20:38:22.780Z",
      "user": 1,
      "content_type": 3,
      "object_id": "1",
      "object_repr": "moderator",
      "action_flag": 2,
      "change_message": "[{\"changed\": {\"fields\": [\"Permissions\"]}}]"
    }
  },
  {
    "model": "admin.logentry",
    "pk": 16,
    "fields": {
      "action_time": "2024-04-02T20:47:52.805Z",
      "user": 1,
      "content_type": 3,
      "object_id": "1",
      "object_repr": "moderator",
      "action_flag": 2,
      "change_message": "[{\"changed\": {\"fields\": [\"Permissions\"]}}]"
    }
  },
  {
    "model": "auth.permission",
    "pk": 1,
    "fields": {
      "name": "Can add log entry",
      "content_type": 1,
      "codename": "add_logentry"
    }
  },
  {
    "model": "auth.permission",
    "pk": 2,
    "fields": {
      "name": "Can change log entry",
      "content_type": 1,
      "codename": "change_logentry"
    }
  },
  {
    "model": "auth.permission",
    "pk": 3,
    "fields": {
      "name": "Can delete log entry",
      "content_type": 1,
      "codename": "delete_logentry"
    }
  },
  {
    "model": "auth.permission",
    "pk": 4,
    "fields": {
      "name": "Can view log entry",
      "content_type": 1,
      "codename": "view_logentry"
    }
  },
  {
    "model": "auth.permission",
    "pk": 5,
    "fields": {
      "name": "Can add permission",
      "content_type": 2,
      "codename": "add_permission"
    }
  },
  {
    "model": "auth.permission",
    "pk": 6,
    "fields": {
      "name": "Can change permission",
      "content_type": 2,
      "codename": "change_permission"
    }
  },
  {
    "model": "auth.permission",
    "pk": 7,
    "fields": {
      "name": "Can delete permission",
      "content_type": 2,
      "codename": "delete_permission"
    }
  },
  {
    "model": "auth.permission",
    "pk": 8,
    "fields": {
      "name": "Can view permission",
      "content_type": 2,
      "codename": "view_permission"
    }
  },
  {
    "model": "auth.permission",
    "pk": 9,
    "fields": {
      "name": "Can add group",
      "content_type": 3,
      "codename": "add_group"
    }
  },
  {
    "model": "auth.permission",
    "pk": 10,
    "fields": {
      "name": "Can change group",
      "content_type": 3,
      "codename": "change_group"
    }
  },
  {
    "model": "auth.permission",
    "pk": 11,
    "fields": {
      "name": "Can delete group",
      "content_type": 3,
      "codename": "delete_group"
    }
  },
  {
    "model": "auth.permission",
    "pk": 12,
    "fields": {
      "name": "Can view group",
      "content_type": 3,
      "codename": "view_group"
    }
  },
  {
    "model": "auth.permission",
    "pk": 13,
    "fields": {
      "name": "Can add content type",
      "content_type": 4,
      "codename": "add_contenttype"
    }
  },
  {
    "model": "auth.permission",
    "pk": 14,
    "fields": {
      "name": "Can change content type",
      "content_type": 4,
      "codename": "change_contenttype"
    }
  },
  {
    "model": "auth.permission",
    "pk": 15,
    "fields": {
      "name": "Can delete content type",
      "content_type": 4,
      "codename": "delete_contenttype"
    }
  },
  {
    "model": "auth.permission",
    "pk": 16,
    "fields": {
      "name": "Can view content type",
      "content_type": 4,
      "codename": "view_contenttype"
    }
  },
  {
    "model": "auth.permission",
    "pk": 17,
    "fields": {
      "name": "Can add session",
      "content_type": 5,
      "codename": "add_session"
    }
  },
  {
    "model": "auth.permission",
    "pk": 18,
    "fields": {
      "name": "Can change session",
      "content_type": 5,
      "codename": "change_session"
    }
  },
  {
    "model": "auth.permission",
    "pk": 19,
    "fields": {
      "name": "Can delete session",
      "content_type": 5,
      "codename": "delete_session"
    }
  },
  {
    "model": "auth.permission",
    "pk": 20,
    "fields": {
      "name": "Can view session",
      "content_type": 5,
      "codename": "view_session"
    }
  },
  {
    "model": "auth.permission",
    "pk": 21,
    "fields": {
      "name": "Can add клиент",
      "content_type": 6,
      "codename": "add_client"
    }
  },
  {
    "model": "auth.permission",
    "pk": 22,
    "fields": {
      "name": "Can change клиент",
      "content_type": 6,
      "codename": "change_client"
    }
  },
  {
    "model": "auth.permission",
    "pk": 23,
    "fields": {
      "name": "Can delete клиент",
      "content_type": 6,
      "codename": "delete_client"
    }
  },
  {
    "model": "auth.permission",
    "pk": 24,
    "fields": {
      "name": "Can view клиент",
      "content_type": 6,
      "codename": "view_client"
    }
  },
  {
    "model": "auth.permission",
    "pk": 25,
    "fields": {
      "name": "Can add лог",
      "content_type": 7,
      "codename": "add_logs"
    }
  },
  {
    "model": "auth.permission",
    "pk": 26,
    "fields": {
      "name": "Can change лог",
      "content_type": 7,
      "codename": "change_logs"
    }
  },
  {
    "model": "auth.permission",
    "pk": 27,
    "fields": {
      "name": "Can delete лог",
      "content_type": 7,
      "codename": "delete_logs"
    }
  },
  {
    "model": "auth.permission",
    "pk": 28,
    "fields": {
      "name": "Can view лог",
      "content_type": 7,
      "codename": "view_logs"
    }
  },
  {
    "model": "auth.permission",
    "pk": 29,
    "fields": {
      "name": "Can add Рассылка",
      "content_type": 8,
      "codename": "add_mailing"
    }
  },
  {
    "model": "auth.permission",
    "pk": 30,
    "fields": {
      "name": "Can change Рассылка",
      "content_type": 8,
      "codename": "change_mailing"
    }
  },
  {
    "model": "auth.permission",
    "pk": 31,
    "fields": {
      "name": "Can delete Рассылка",
      "content_type": 8,
      "codename": "delete_mailing"
    }
  },
  {
    "model": "auth.permission",
    "pk": 32,
    "fields": {
      "name": "Can view Рассылка",
      "content_type": 8,
      "codename": "view_mailing"
    }
  },
  {
    "model": "auth.permission",
    "pk": 33,
    "fields": {
      "name": "Может менять активность рассылки",
      "content_type": 8,
      "codename": "set_is_activated"
    }
  },
  {
    "model": "auth.permission",
    "pk": 34,
    "fields": {
      "name": "Can add сообщение",
      "content_type": 9,
      "codename": "add_message"
    }
  },
  {
    "model": "auth.permission",
    "pk": 35,
    "fields": {
      "name": "Can change сообщение",
      "content_type": 9,
      "codename": "change_message"
    }
  },
  {
    "model": "auth.permission",
    "pk": 36,
    "fields": {
      "name": "Can delete сообщение",
      "content_type": 9,
      "codename": "delete_message"
    }
  },
  {
    "model": "auth.permission",
    "pk": 37,
    "fields": {
      "name": "Can view сообщение",
      "content_type": 9,
      "codename": "view_message"
    }
  },
  {
    "model": "auth.permission",
    "pk": 38,
    "fields": {
      "name": "Can add blog",
      "content_type": 10,
      "codename": "add_blog"
    }
  },
  {
    "model": "auth.permission",
    "pk": 39,
    "fields": {
      "name": "Can change blog",
      "content_type": 10,
      "codename": "change_blog"
    }
  },
  {
    "model": "auth.permission",
    "pk": 40,
    "fields": {
      "name": "Can delete blog",
      "content_type": 10,
      "codename": "delete_blog"
    }
  },
  {
    "model": "auth.permission",
    "pk": 41,
    "fields": {
      "name": "Can view blog",
      "content_type": 10,
      "codename": "view_blog"
    }
  },
  {
    "model": "auth.permission",
    "pk": 42,
    "fields": {
      "name": "Can add user",
      "content_type": 11,
      "codename": "add_user"
    }
  },
  {
    "model": "auth.permission",
    "pk": 43,
    "fields": {
      "name": "Can change user",
      "content_type": 11,
      "codename": "change_user"
    }
  },
  {
    "model": "auth.permission",
    "pk": 44,
    "fields": {
      "name": "Can delete user",
      "content_type": 11,
      "codename": "delete_user"
    }
  },
  {
    "model": "auth.permission",
    "pk": 45,
    "fields": {
      "name": "Can view user",
      "content_type": 11,
      "codename": "view_user"
    }
  },
  {
    "model": "auth.permission",
    "pk": 46,
    "fields": {
      "name": "Может блокировать пользователя",
      "content_type": 11,
      "codename": "set_is_active"
    }
  },
  {
    "model": "auth.permission",
    "pk": 47,
    "fields": {
      "name": "Can add django job",
      "content_type": 12,
      "codename": "add_djangojob"
    }
  },
  {
    "model": "auth.permission",
    "pk": 48,
    "fields": {
      "name": "Can change django job",
      "content_type": 12,
      "codename": "change_djangojob"
    }
  },
  {
    "model": "auth.permission",
    "pk": 49,
    "fields": {
      "name": "Can delete django job",
      "content_type": 12,
      "codename": "delete_djangojob"
    }
  },
  {
    "model": "auth.permission",
    "pk": 50,
    "fields": {
      "name": "Can view django job",
      "content_type": 12,
      "codename": "view_djangojob"
    }
  },
  {
    "model": "auth.permission",
    "pk": 51,
    "fields": {
      "name": "Can add django job execution",
      "content_type": 13,
      "codename": "add_djangojobexecution"
    }
  },
  {
    "model": "auth.permission",
    "pk": 52,
    "fields": {
      "name": "Can change django job execution",
      "content_type": 13,
      "codename": "change_djangojobexecution"
    }
  },
  {
    "model": "auth.permission",
    "pk": 53,
    "fields": {
      "name": "Can delete django job execution",
      "content_type": 13,
      "codename": "delete_djangojobexecution"
    }
  },
  {
    "model": "auth.permission",
    "pk": 54,
    "fields": {
      "name": "Can view django job execution",
      "content_type": 13,
      "codename": "view_djangojobexecution"
    }
  },
  {
    "model": "auth.group",
    "pk": 1,
    "fields": {
      "name": "moderator",
      "permissions": [
        33,
        32
      ]
    }
  },
  {
    "model": "contenttypes.contenttype",
    "pk": 1,
    "fields": {
      "app_label": "admin",
      "model": "logentry"
    }
  },
  {
    "model": "contenttypes.contenttype",
    "pk": 2,
    "fields": {
      "app_label": "auth",
      "model": "permission"
    }
  },
  {
    "model": "contenttypes.contenttype",
    "pk": 3,
    "fields": {
      "app_label": "auth",
      "model": "group"
    }
  },
  {
    "model": "contenttypes.contenttype",
    "pk": 4,
    "fields": {
      "app_label": "contenttypes",
      "model": "contenttype"
    }
  },
  {
    "model": "contenttypes.contenttype",
    "pk": 5,
    "fields": {
      "app_label": "sessions",
      "model": "session"
    }
  },
  {
    "model": "contenttypes.contenttype",
    "pk": 6,
    "fields": {
      "app_label": "main",
      "model": "client"
    }
  },
  {
    "model": "contenttypes.contenttype",
    "pk": 7,
    "fields": {
      "app_label": "main",
      "model": "logs"
    }
  },
  {
    "model": "contenttypes.contenttype",
    "pk": 8,
    "fields": {
      "app_label": "main",
      "model": "mailing"
    }
  },
  {
    "model": "contenttypes.contenttype",
    "pk": 9,
    "fields": {
      "app_label": "main",
      "model": "message"
    }
  },
  {
    "model": "contenttypes.contenttype",
    "pk": 10,
    "fields": {
      "app_label": "blog",
      "model": "blog"
    }
  },
  {
    "model": "contenttypes.contenttype",
    "pk": 11,
    "fields": {
      "app_label": "users",
      "model": "user"
    }
  },
  {
    "model": "contenttypes.contenttype",
    "pk": 12,
    "fields": {
      "app_label": "django_apscheduler",
      "model": "djangojob"
    }
  },
  {
    "model": "contenttypes.contenttype",
    "pk": 13,
    "fields": {
      "app_label": "django_apscheduler",
      "model": "djangojobexecution"
    }
  },
  {
    "model": "sessions.session",
    "pk": "8y26grcenmgpseqojikgl5t2klszgu5u",
    "fields": {
      "session_data": ".eJxVjDsOwyAQBe9CHSGziw2kTO8zWLssBCcRSP5UUe4eWXKRtG9m3ltNtG9l2te0TLOoqzLq8rsxxWeqB5AH1XvTsdVtmVkfij7pqscm6XU73b-DQms56iEb28XAAGwldGgHNEheuiAhZ0uA7CAn6R0SREbrMhjsvffJR8Pq8wXY1zef:1rrldz:XsgzAkM2qbUy_GdEhr7l4cTjNlq8ITkOoP3gPJzjAHY",
      "expire_date": "2024-04-16T21:26:11.809Z"
    }
  },
  {
    "model": "sessions.session",
    "pk": "qxt1w6s7uorn4htogoxynqmj2eymwhq1",
    "fields": {
      "session_data": ".eJxVjEEOwiAQRe_C2hAGOtC6dO8ZCAODVA0kpV0Z765NutDtf-_9l_BhW4vfOi9-TuIsQJx-NwrxwXUH6R7qrcnY6rrMJHdFHrTLa0v8vBzu30EJvXxrZBrTwJiNZZowDS4jOG01kwGrs6U8Ko6TAoyK2BlAnSBmUIoc6iDeH-pdN8U:1rr1yr:wvZMm77XmF1DwtU38oSUfV3kjbXxRZKPRVgumEns-oc",
      "expire_date": "2024-04-14T20:40:41.787Z"
    }
  },
  {
    "model": "main.client",
    "pk": 1,
    "fields": {
      "email": "skovorodnikov11@gmail.com",
      "name": "c lhl j;",
      "comment": "m.n",
      "user": 1
    }
  },
  {
    "model": "main.client",
    "pk": 2,
    "fields": {
      "email": "anjeie24@mail.ru",
      "name": "hkhk",
      "comment": "khi",
      "user": 1
    }
  },
  {
    "model": "main.client",
    "pk": 3,
    "fields": {
      "email": "sssss@mail.ru",
      "name": "khkh",
      "comment": "hkhk",
      "user": 1
    }
  },
  {
    "model": "main.client",
    "pk": 4,
    "fields": {
      "email": "moder@moder.ru",
      "name": "1231",
      "comment": "123",
      "user": 7
    }
  },
  {
    "model": "main.message",
    "pk": 2,
    "fields": {
      "subject": "jaj",
      "body": "ljlljj",
      "user": 1
    }
  },
  {
    "model": "main.message",
    "pk": 3,
    "fields": {
      "subject": "dasd",
      "body": "asdsda",
      "user": 1
    }
  },
  {
    "model": "main.message",
    "pk": 4,
    "fields": {
      "subject": "рассылка",
      "body": "спам",
      "user": 7
    }
  },
  {
    "model": "main.mailing",
    "pk": 5,
    "fields": {
      "title": "тест-рассылка",
      "message": 3,
      "start_date": "2024-04-02T19:01:00Z",
      "next_date": "2024-04-02T19:01:37Z",
      "end_date": "2024-04-02T19:01:00Z",
      "periodicity": "day",
      "status": "launched",
      "is_active": true,
      "user": 1,
      "client": [
        2,
        1,
        3
      ]
    }
  },
  {
    "model": "main.mailing",
    "pk": 6,
    "fields": {
      "title": "рассылка модера",
      "message": 4,
      "start_date": "2024-04-02T20:26:00Z",
      "next_date": "2024-04-02T20:27:02.852Z",
      "end_date": "2024-04-04T20:26:00Z",
      "periodicity": "day",
      "status": "launched",
      "is_active": true,
      "user": 7,
      "client": [
        1,
        2,
        3
      ]
    }
  },
  {
    "model": "main.mailing",
    "pk": 7,
    "fields": {
      "title": "smith",
      "message": 4,
      "start_date": "2024-04-13T20:36:00Z",
      "next_date": "2024-04-02T20:36:38.614Z",
      "end_date": "2024-04-05T20:36:00Z",
      "periodicity": "day",
      "status": "created",
      "is_active": true,
      "user": 7,
      "client": [
        1,
        2,
        3
      ]
    }
  },
  {
    "model": "blog.blog",
    "pk": 1,
    "fields": {
      "title": "knlh",
      "content": ",n,n",
      "preview": "",
      "views_count": 25,
      "public_date": "2024-04-03"
    }
  },
  {
    "model": "blog.blog",
    "pk": 2,
    "fields": {
      "title": "khksd",
      "content": "sods",
      "preview": "blog/1000_F_504289605_zehJiK0tCuZLP2MdfFBpcJdOVxKLnXg1.jpg",
      "views_count": 21,
      "public_date": "2024-04-02"
    }
  },
  {
    "model": "users.user",
    "pk": 1,
    "fields": {
      "password": "pbkdf2_sha256$320000$aOySAfVCLTKmrY2CU6h1rV$3Sk3m7uSzEPrW/OOCFBacT4u/WO9J+WpFbgPESqWQvg=",
      "last_login": "2024-04-02T21:26:11.807Z",
      "is_superuser": true,
      "first_name": "",
      "last_name": "",
      "is_staff": true,
      "date_joined": "2024-03-31T11:57:29.465Z",
      "email": "admin@admin.ru",
      "verify_code": null,
      "is_active": true,
      "groups": [],
      "user_permissions": []
    }
  },
  {
    "model": "users.user",
    "pk": 5,
    "fields": {
      "password": "pbkdf2_sha256$720000$zLwIyAUvWDQRl8ttePKnLb$8BbceMYHRSmNz1kLKkyPK+8fNpGVNnVQFt6MFy/VMe8=",
      "last_login": null,
      "is_superuser": false,
      "first_name": "",
      "last_name": "",
      "is_staff": false,
      "date_joined": "2024-03-31T20:35:27.102Z",
      "email": "skovorodnikov11@gmail.com",
      "verify_code": "fBorawlTbpVg",
      "is_active": false,
      "groups": [],
      "user_permissions": []
    }
  },
  {
    "model": "users.user",
    "pk": 6,
    "fields": {
      "password": "pbkdf2_sha256$720000$TOIoWhRSWOUCKhNMp9HMY2$xl/qAar2tXdLrSiOiIuroF/2PP/NCnCHbhByjbqSX+k=",
      "last_login": null,
      "is_superuser": false,
      "first_name": "",
      "last_name": "",
      "is_staff": false,
      "date_joined": "2024-04-01T10:18:30.774Z",
      "email": "anjeie24@mail.ru",
      "verify_code": "cynNG51b8oBm",
      "is_active": false,
      "groups": [],
      "user_permissions": []
    }
  },
  {
    "model": "users.user",
    "pk": 7,
    "fields": {
      "password": "pbkdf2_sha256$320000$aOySAfVCLTKmrY2CU6h1rV$3Sk3m7uSzEPrW/OOCFBacT4u/WO9J+WpFbgPESqWQvg=",
      "last_login": "2024-04-02T21:24:18.424Z",
      "is_superuser": false,
      "first_name": "модератор",
      "last_name": "модеров",
      "is_staff": true,
      "date_joined": "2024-04-02T20:24:12Z",
      "email": "moder@moder.ru",
      "verify_code": null,
      "is_active": true,
      "groups": [
        1
      ],
      "user_permissions": [
        3
      ]
    }
  },
  {
    "model": "django_apscheduler.djangojob",
    "pk": "sendmail",
    "fields": {
      "next_run_time": "2024-04-02T21:57:00Z",
      "job_state": "gAWVxQMAAAAAAAB9lCiMB3ZlcnNpb26USwGMAmlklIwIc2VuZG1haWyUjARmdW5jlIwUbWFpbi5zZXJ2aWNlczpteV9qb2KUjAd0cmlnZ2VylIwZYXBzY2hlZHVsZXIudHJpZ2dlcnMuY3JvbpSMC0Nyb25UcmlnZ2VylJOUKYGUfZQoaAFLAowIdGltZXpvbmWUjAhidWlsdGluc5SMB2dldGF0dHKUk5SMCHpvbmVpbmZvlIwIWm9uZUluZm+Uk5SMCV91bnBpY2tsZZSGlFKUjA1FdXJvcGUvTW9zY293lEsBhpRSlIwKc3RhcnRfZGF0ZZROjAhlbmRfZGF0ZZROjAZmaWVsZHOUXZQojCBhcHNjaGVkdWxlci50cmlnZ2Vycy5jcm9uLmZpZWxkc5SMCUJhc2VGaWVsZJSTlCmBlH2UKIwEbmFtZZSMBHllYXKUjAppc19kZWZhdWx0lIiMC2V4cHJlc3Npb25zlF2UjCVhcHNjaGVkdWxlci50cmlnZ2Vycy5jcm9uLmV4cHJlc3Npb25zlIwNQWxsRXhwcmVzc2lvbpSTlCmBlH2UjARzdGVwlE5zYmF1YmgdjApNb250aEZpZWxklJOUKYGUfZQoaCKMBW1vbnRolGgkiGglXZRoKSmBlH2UaCxOc2JhdWJoHYwPRGF5T2ZNb250aEZpZWxklJOUKYGUfZQoaCKMA2RheZRoJIhoJV2UaCkpgZR9lGgsTnNiYXViaB2MCVdlZWtGaWVsZJSTlCmBlH2UKGgijAR3ZWVrlGgkiGglXZRoKSmBlH2UaCxOc2JhdWJoHYwORGF5T2ZXZWVrRmllbGSUk5QpgZR9lChoIowLZGF5X29mX3dlZWuUaCSIaCVdlGgpKYGUfZRoLE5zYmF1YmgfKYGUfZQoaCKMBGhvdXKUaCSIaCVdlGgpKYGUfZRoLE5zYmF1YmgfKYGUfZQoaCKMBm1pbnV0ZZRoJIhoJV2UaCkpgZR9lGgsTnNiYXViaB8pgZR9lChoIowGc2Vjb25klGgkiWglXZRoKSmBlH2UaCxLHnNiYXViZYwGaml0dGVylE51YowIZXhlY3V0b3KUjAdkZWZhdWx0lIwEYXJnc5QpjAZrd2FyZ3OUfZRoIowGbXlfam9ilIwSbWlzZmlyZV9ncmFjZV90aW1llEsBjAhjb2FsZXNjZZSIjA1tYXhfaW5zdGFuY2VzlEsBjA1uZXh0X3J1bl90aW1llIwIZGF0ZXRpbWWUjAhkYXRldGltZZSTlEMKB+gEAwA5AAAAAJRoGIaUUpR1Lg=="
    }
  },
  {
    "model": "django_apscheduler.djangojobexecution",
    "pk": 1,
    "fields": {
      "job": "sendmail",
      "status": "Executed",
      "run_time": "2024-04-02T21:44:30Z",
      "duration": "0.03",
      "finished": "1712094270.03",
      "exception": null,
      "traceback": null
    }
  },
  {
    "model": "django_apscheduler.djangojobexecution",
    "pk": 2,
    "fields": {
      "job": "sendmail",
      "status": "Executed",
      "run_time": "2024-04-02T21:45:00Z",
      "duration": "0.01",
      "finished": "1712094300.01",
      "exception": null,
      "traceback": null
    }
  },
  {
    "model": "django_apscheduler.djangojobexecution",
    "pk": 3,
    "fields": {
      "job": "sendmail",
      "status": "Executed",
      "run_time": "2024-04-02T21:45:30Z",
      "duration": "0.02",
      "finished": "1712094330.02",
      "exception": null,
      "traceback": null
    }
  },
  {
    "model": "django_apscheduler.djangojobexecution",
    "pk": 4,
    "fields": {
      "job": "sendmail",
      "status": "Executed",
      "run_time": "2024-04-02T21:46:00Z",
      "duration": "0.01",
      "finished": "1712094360.01",
      "exception": null,
      "traceback": null
    }
  },
  {
    "model": "django_apscheduler.djangojobexecution",
    "pk": 5,
    "fields": {
      "job": "sendmail",
      "status": "Executed",
      "run_time": "2024-04-02T21:46:30Z",
      "duration": "0.02",
      "finished": "1712094390.02",
      "exception": null,
      "traceback": null
    }
  },
  {
    "model": "django_apscheduler.djangojobexecution",
    "pk": 6,
    "fields": {
      "job": "sendmail",
      "status": "Executed",
      "run_time": "2024-04-02T21:47:00Z",
      "duration": "0.03",
      "finished": "1712094420.03",
      "exception": null,
      "traceback": null
    }
  },
  {
    "model": "django_apscheduler.djangojobexecution",
    "pk": 7,
    "fields": {
      "job": "sendmail",
      "status": "Executed",
      "run_time": "2024-04-02T21:47:30Z",
      "duration": "0.01",
      "finished": "1712094450.01",
      "exception": null,
      "traceback": null
    }
  },
  {
    "model": "django_apscheduler.djangojobexecution",
    "pk": 8,
    "fields": {
      "job": "sendmail",
      "status": "Executed",
      "run_time": "2024-04-02T21:48:00Z",
      "duration": "0.01",
      "finished": "1712094480.01",
      "exception": null,
      "traceback": null
    }
  },
  {
    "model": "django_apscheduler.djangojobexecution",
    "pk": 9,
    "fields": {
      "job": "sendmail",
      "status": "Executed",
      "run_time": "2024-04-02T21:48:23.169Z",
      "duration": "0.11",
      "finished": "1712094503.28",
      "exception": null,
      "traceback": null
    }
  },
  {
    "model": "django_apscheduler.djangojobexecution",
    "pk": 10,
    "fields": {
      "job": "sendmail",
      "status": "Executed",
      "run_time": "2024-04-02T21:48:30Z",
      "duration": "0.02",
      "finished": "1712094510.02",
      "exception": null,
      "traceback": null
    }
  },
  {
    "model": "django_apscheduler.djangojobexecution",
    "pk": 11,
    "fields": {
      "job": "sendmail",
      "status": "Executed",
      "run_time": "2024-04-02T21:49:00Z",
      "duration": "0.01",
      "finished": "1712094540.01",
      "exception": null,
      "traceback": null
    }
  },
  {
    "model": "django_apscheduler.djangojobexecution",
    "pk": 12,
    "fields": {
      "job": "sendmail",
      "status": "Executed",
      "run_time": "2024-04-02T21:49:30Z",
      "duration": "0.01",
      "finished": "1712094570.01",
      "exception": null,
      "traceback": null
    }
  },
  {
    "model": "django_apscheduler.djangojobexecution",
    "pk": 13,
    "fields": {
      "job": "sendmail",
      "status": "Executed",
      "run_time": "2024-04-02T21:50:00Z",
      "duration": "0.01",
      "finished": "1712094600.01",
      "exception": null,
      "traceback": null
    }
  },
  {
    "model": "django_apscheduler.djangojobexecution",
    "pk": 14,
    "fields": {
      "job": "sendmail",
      "status": "Executed",
      "run_time": "2024-04-02T21:50:30Z",
      "duration": "0.01",
      "finished": "1712094630.01",
      "exception": null,
      "traceback": null
    }
  },
  {
    "model": "django_apscheduler.djangojobexecution",
    "pk": 15,
    "fields": {
      "job": "sendmail",
      "status": "Executed",
      "run_time": "2024-04-02T21:51:00Z",
      "duration": "0.01",
      "finished": "1712094660.01",
      "exception": null,
      "traceback": null
    }
  },
  {
    "model": "django_apscheduler.djangojobexecution",
    "pk": 16,
    "fields": {
      "job": "sendmail",
      "status": "Executed",
      "run_time": "2024-04-02T21:51:30Z",
      "duration": "0.01",
      "finished": "1712094690.01",
      "exception": null,
      "traceback": null
    }
  },
  {
    "model": "django_apscheduler.djangojobexecution",
    "pk": 17,
    "fields": {
      "job": "sendmail",
      "status": "Executed",
      "run_time": "2024-04-02T21:52:00Z",
      "duration": "0.03",
      "finished": "1712094720.03",
      "exception": null,
      "traceback": null
    }
  },
  {
    "model": "django_apscheduler.djangojobexecution",
    "pk": 18,
    "fields": {
      "job": "sendmail",
      "status": "Executed",
      "run_time": "2024-04-02T21:52:30Z",
      "duration": "0.01",
      "finished": "1712094750.01",
      "exception": null,
      "traceback": null
    }
  },
  {
    "model": "django_apscheduler.djangojobexecution",
    "pk": 19,
    "fields": {
      "job": "sendmail",
      "status": "Executed",
      "run_time": "2024-04-02T21:53:00Z",
      "duration": "0.03",
      "finished": "1712094780.03",
      "exception": null,
      "traceback": null
    }
  },
  {
    "model": "django_apscheduler.djangojobexecution",
    "pk": 20,
    "fields": {
      "job": "sendmail",
      "status": "Executed",
      "run_time": "2024-04-02T21:53:30Z",
      "duration": "0.01",
      "finished": "1712094810.01",
      "exception": null,
      "traceback": null
    }
  },
  {
    "model": "django_apscheduler.djangojobexecution",
    "pk": 21,
    "fields": {
      "job": "sendmail",
      "status": "Executed",
      "run_time": "2024-04-02T21:54:00Z",
      "duration": "0.01",
      "finished": "1712094840.01",
      "exception": null,
      "traceback": null
    }
  },
  {
    "model": "django_apscheduler.djangojobexecution",
    "pk": 22,
    "fields": {
      "job": "sendmail",
      "status": "Executed",
      "run_time": "2024-04-02T21:54:30Z",
      "duration": "0.01",
      "finished": "1712094870.01",
      "exception": null,
      "traceback": null
    }
  },
  {
    "model": "django_apscheduler.djangojobexecution",
    "pk": 23,
    "fields": {
      "job": "sendmail",
      "status": "Executed",
      "run_time": "2024-04-02T21:55:00Z",
      "duration": "0.02",
      "finished": "1712094900.02",
      "exception": null,
      "traceback": null
    }
  },
  {
    "model": "django_apscheduler.djangojobexecution",
    "pk": 24,
    "fields": {
      "job": "sendmail",
      "status": "Executed",
      "run_time": "2024-04-02T21:55:30Z",
      "duration": "0.03",
      "finished": "1712094930.03",
      "exception": null,
      "traceback": null
    }
  },
  {
    "model": "django_apscheduler.djangojobexecution",
    "pk": 25,
    "fields": {
      "job": "sendmail",
      "status": "Executed",
      "run_time": "2024-04-02T21:56:00Z",
      "duration": "0.01",
      "finished": "1712094960.01",
      "exception": null,
      "traceback": null
    }
  },
  {
    "model": "django_apscheduler.djangojobexecution",
    "pk": 26,
    "fields": {
      "job": "sendmail",
      "status": "Executed",
      "run_time": "2024-04-02T21:56:30Z",
      "duration": "0.01",
      "finished": "1712094990.01",
      "exception": null,
      "traceback": null
    }
  },
  {
    "model": "django_apscheduler.djangojobexecution",
    "pk": 27,
    "fields": {
      "job": "sendmail",
      "status": "Executed",
      "run_time": "2024-04-02T21:58:19.349Z",
      "duration": "0.07",
      "finished": "1712095099.42",
      "exception": null,
      "traceback": null
    }
  }
]